,id,text,annotations
0,143048389142134785,Ce soir c'est l'élection de #missfrance et je vais me faire un plaisir de NE PAS regarder.,"{'topics': [{'name': 'élection de #missfrance', 'opinion': 'negative'}], 'negative_keywords': ['pas plaisir'], 'positive_keywords': ['plaisir']}"
1,143048457261809664,"Ce soir c'est Miss France, pour ceux qui ne le savent pas :D !! #MissFrance","{'topics': [], 'negative_keywords': [], 'positive_keywords': []}"
2,143049242305495040,#medtaha #MIT Miss France 2012 : c'est ce soir ! - TF1 http://t.co/7ERYcBp1 #àlaune,"{'topics': [], 'negative_keywords': [], 'positive_keywords': []}"
3,143049254485753856,@LorieOfficiel Bon courage Lorie et que la Meilleure gagne #MissFrance !,"{'topics': [], 'negative_keywords': [], 'positive_keywords': []}"
4,143050282803281921,DSK dans le jury TF1 pour les Miss #missfrance2012,"{'topics': [], 'negative_keywords': [], 'positive_keywords': []}"
5,143050329859170305,Miss France :D #TF1,"{'topics': [], 'negative_keywords': [], 'positive_keywords': []}"
6,143050484637368320,Attendez moi TF1 !!! je suis pas encore prête !!! Miss France 2012 c'est moi !! #missfrance2012,"{'topics': [], 'negative_keywords': [], 'positive_keywords': []}"
7,143050503029407745,Salle comble pour la soirée Miss France sur #TF1. Ya vraiment des gens qui paient pour assister à ça ?,"{'topics': [], 'negative_keywords': [], 'positive_keywords': []}"
8,143050607295610880,Boycott de Miss France comme chaque année! Tant qu'ils mettrons ce programme CONTRE le téléthon! je trouve ça digne de TF1!,"{'topics': [{'name': 'Miss France', 'opinion': 'negative'}], 'negative_keywords': ['boycott'], 'positive_keywords': []}"
9,143050730738163713,Miss France 2012 dans quelques minutes sur #TF1 without Genevieve de Fontenay,"{'topics': [], 'negative_keywords': [], 'positive_keywords': []}"
10,143050858379231232,Je viens de voir @MenardMalika sur #tf1 &lt;3 ! Cette femme est trop belle !,"{'topics': [{'name': 'MenardMalika', 'opinion': 'positive'}, {'name': 'MenardMalika', 'opinion': 'positive'}], 'negative_keywords': [], 'positive_keywords': ['belle', '<3']}"
11,143050921541238784,@DenisBrogniart Vivement 20h50 pour la soirée sur Tf1 !! :) Je suis pour la Provence et la Bourgogne !! :),"{'topics': [{'name': 'Provence', 'opinion': 'positive'}, {'name': 'Bourgogne', 'opinion': 'positive'}], 'negative_keywords': [], 'positive_keywords': ['pour', 'pour']}"
12,143050980655759360,Allez Alison Cossenet : Miss France Languedoc Roussillon #Miss France 2012 TF1 http://t.co/18fhDHMV,"{'topics': [{'name': 'Alison Cossenet', 'opinion': 'positive'}], 'negative_keywords': [], 'positive_keywords': ['allez']}"
13,143051271551717376,"Va comater devant les Miss ce soir, enfin surtout critiquer #MissFrance","{'topics': [], 'negative_keywords': [], 'positive_keywords': []}"
14,143051464070275072,"Yeaaah Election de Miss France ce soiir, je vais regarder ça c'est certain ! :) #TF1.","{'topics': [{'name': 'Election de Miss France', 'opinion': 'positive'}], 'negative_keywords': [], 'positive_keywords': ['yeaaah']}"
15,143051618726854656,Ce soir on verra dieu il est sur TF1 dans le jury des miss !! Sauve qui peut !!!!,"{'topics': [], 'negative_keywords': [], 'positive_keywords': []}"
16,143051858351620096,Mes préférées pour ce soir (en photo du moins) : Miss Tahiti et Miss Provence #MissFrance,"{'topics': [{'name': 'Miss Tahiti', 'opinion': 'positive'}, {'name': 'Miss Provence', 'opinion': 'positive'}], 'negative_keywords': [], 'positive_keywords': ['préférées', 'préférées']}"
17,143052016514641920,Dans les bouchons ac @Karimacharni  on veut rentrer voir #missfrance Attendez ns! (cc @lietteju @MenardMalika @ARosenfeldOffic @LauraTreves,"{'topics': [], 'negative_keywords': [], 'positive_keywords': []}"
18,143052071116091392,Soirée #MissFrance ça va être fun!! Un défilé de bombasse ou ... De thon on verra bien! #TweetBitch,"{'topics': [{'name': 'Soirée #MissFrance', 'opinion': 'positive'}], 'negative_keywords': [], 'positive_keywords': ['fun']}"
19,143052788635668482,Regarde Tf1 ---&gt; Miss France 2012!!!,"{'topics': [], 'negative_keywords': [], 'positive_keywords': []}"
20,143053093737734144,@SSestimations Nous animons un LT autour de l'élection de #MissFrance :),"{'topics': [], 'negative_keywords': [], 'positive_keywords': []}"
21,143053350013894656,Miss France on va bien rigoler  #TF1,"{'topics': [], 'negative_keywords': [], 'positive_keywords': []}"
22,143053486836297729,"à toutes celles qui rêvent de participer à Miss France, je vous rappelle que la taille requise et de 1.70m. ça calme hein ? #missfrance","{'topics': [], 'negative_keywords': [], 'positive_keywords': []}"
23,143053560605704192,"Ce soir, élection de Miss Fin du Monde. #TF1","{'topics': [], 'negative_keywords': [], 'positive_keywords': []}"
24,143053715396501504,"Pipi, eau, twitter, TF1 ... Je suis prete pour Miss France !!!","{'topics': [], 'negative_keywords': [], 'positive_keywords': []}"
25,143053915095695361,La Miss Champagne-Ardenne ... c'est toujours pas ça ! On a pourtant des belles femmes dans notre région... #MissFrance #ChampagneArdenne,"{'topics': [{'name': 'femmes dans notre région', 'opinion': 'positive'}, {'name': 'Miss Champagne-Ardenne', 'opinion': 'negative'}], 'negative_keywords': ['ça'], 'positive_keywords': ['belles']}"
26,143053935568109568,@StephPqrJcq Brest mem' #bzhpowa #tf1,"{'topics': [], 'negative_keywords': [], 'positive_keywords': []}"
27,143054170654650370,"Bon ce soir, c'est élection #missfrance!! Ne cherchez pas à voter, je ne me suis pas presentée cette année ","{'topics': [], 'negative_keywords': [], 'positive_keywords': []}"
28,143054415987871744,"Video : Miss France 2012, choisissez c'est ce soir sur TF1: 33 jeunes filles sont en piste pour gagn... http://t.co/k3CtGo49 Vidéo buzz","{'topics': [], 'negative_keywords': [], 'positive_keywords': []}"
29,143054612939812864,#missfrance !!!! Aller Picardie et Roussillon :D,"{'topics': [{'name': 'Picardie', 'opinion': 'positive'}, {'name': 'Roussillon', 'opinion': 'positive'}], 'negative_keywords': [], 'positive_keywords': ['aller', 'aller']}"
30,143054624356704256,@Laurielle_UR_JB regarde miss france ca commence mtn sur tf1 g oublie c a kel h,"{'topics': [], 'negative_keywords': [], 'positive_keywords': []}"
31,143054870398767104,#MissFrance: ce soir spéciale élection de la meilleure p*te made in Endemol #teamgenevieve,"{'topics': [], 'negative_keywords': [], 'positive_keywords': []}"
32,143054897212952576,Sa devrait être facile de trouver plus belle que Laury Thilleman pour la nouvelle miss france. #TF1,"{'topics': [{'name': 'Laury Thilleman', 'opinion': 'negative'}], 'negative_keywords': ['belle'], 'positive_keywords': []}"
33,143055235470983168,#nw - Election Miss France 2012. - #TF1,"{'topics': [], 'negative_keywords': [], 'positive_keywords': []}"
34,143055261869940736,Tout le monde sur TF1 pour l'Election Miss France 2012! #CoupDePub En général je cautionne pas ces gros coups mais là... C'est un culte.,"{'topics': [], 'negative_keywords': [], 'positive_keywords': []}"
35,143055284942798848,"Attention ! Prise d'antenne imminente !! On se prépare, on s'installe et on regarde #missfrance sur #TF1 en direct de #Brest","{'topics': [], 'negative_keywords': [], 'positive_keywords': []}"
36,143055336994115584,Miss France tonight ? #TF1,"{'topics': [], 'negative_keywords': [], 'positive_keywords': []}"
37,143055438492082176,Ce soir je vais largement critiquer les Miss France #MissFrance #TF1,"{'topics': [], 'negative_keywords': [], 'positive_keywords': []}"
38,143055546268917761,Election of Miss France 2O12 tonight on #TF1 channel #TeamFollowBack #FollowBack #FollowMeIFolloWu,"{'topics': [], 'negative_keywords': [], 'positive_keywords': []}"
39,143055730621165568,"apres le JT , ils ont dit : Tout de suite Miss France , -- ça va faire 1 quart d'heure qu'on attend mais bon #MissFrance","{'topics': [], 'negative_keywords': [], 'positive_keywords': []}"
40,143055792638136320,Et c'est la soirée dindes sur TF1 ... #missfrance2012,"{'topics': [], 'negative_keywords': [], 'positive_keywords': []}"
41,143055847482867712,Miss France commence. :) #TF1,"{'topics': [], 'negative_keywords': [], 'positive_keywords': []}"
42,143055850620207104,Miss France 2012 : suivez le prime en direct - News Election de Miss France 2012 - TF1 http://t.co/RJAl9I2a,"{'topics': [], 'negative_keywords': [], 'positive_keywords': []}"
43,143055883042172928,"Go #MissFrance ... Picardie, Provence, Languedoc, Bretagne, Poitou Charente ... Voilà voilà !","{'topics': [], 'negative_keywords': [], 'positive_keywords': []}"
44,143055906505101312,Miss france et ses 185759 sponsors.. #MissFrance,"{'topics': [], 'negative_keywords': [], 'positive_keywords': []}"
45,143055919218040833,Watching Miss France #TF1,"{'topics': [], 'negative_keywords': [], 'positive_keywords': []}"
46,143055925211705344,#MissFrance ... Lest's Go !! @LauryThilleman sublime ♥,"{'topics': [{'name': 'LauryThilleman', 'opinion': 'positive'}], 'negative_keywords': [], 'positive_keywords': ['sublime']}"
47,143055948569776128,Miss france #tf1,"{'topics': [], 'negative_keywords': [], 'positive_keywords': []}"
48,143055984703713280,Election Miss France en Bretagne. C'est bon ça #TF1,"{'topics': [{'name': 'Election', 'opinion': 'positive'}], 'negative_keywords': [], 'positive_keywords': ['ça']}"
49,143056047148511232,Toujours la même chanson depuis 50 ans xD #MissFrance,"{'topics': [], 'negative_keywords': [], 'positive_keywords': []}"
50,143056076147924994,Nw Miss France #TF1,"{'topics': [], 'negative_keywords': [], 'positive_keywords': []}"
51,143056085044035585,Miss France commence #MissFrance #TF1,"{'topics': [], 'negative_keywords': [], 'positive_keywords': []}"
52,143056099405340672,Watching Miss France hehe I'm a dork! :) #missfrance,"{'topics': [], 'negative_keywords': [], 'positive_keywords': []}"
53,143056102551064578,Miss France Commence Maintenant !!!!!!!!!!!!!!!!!!!!!!!!!!!!!!!! #TF1,"{'topics': [], 'negative_keywords': [], 'positive_keywords': []}"
54,143056132741660673,#missFrance  ou comment sourire comme une conne pendant 3 bonnes heures ... Bonne soirée :),"{'topics': [{'name': 'sourire', 'opinion': 'positive'}], 'negative_keywords': [], 'positive_keywords': ['conne']}"
55,143056135937732608,Miss France version KKK. #TF1,"{'topics': [{'name': 'Miss France', 'opinion': 'negative'}], 'negative_keywords': ['kkk'], 'positive_keywords': []}"
56,143056203759616000,ouhouh ambiance Druides à Brocéliande à Penfeld! #missfrance2012 #TF1,"{'topics': [], 'negative_keywords': [], 'positive_keywords': []}"
57,143056236340985857,J'aime leur robe ! #MissFrance,"{'topics': [{'name': 'robe', 'opinion': 'positive'}], 'negative_keywords': [], 'positive_keywords': ['aime']}"
58,143056239134392320,Ce soir je suis en mode #MissFrance rien que pour les robes *-*,"{'topics': [], 'negative_keywords': [], 'positive_keywords': []}"
59,143056245878824960,#LaRéunion c'est partie pour #MissFrance et tous le 974 pour @MariePayet,"{'topics': [], 'negative_keywords': [], 'positive_keywords': []}"
60,143056258730164224,Devant Miss France !! #TF1,"{'topics': [], 'negative_keywords': [], 'positive_keywords': []}"
61,143056262580539392,Miss France sur TF1 =&gt; Où comment zapper. #ToutUnArt,"{'topics': [], 'negative_keywords': [], 'positive_keywords': []}"
62,143056286685216769,#NowWatching : Miss France #TF1 Tié prête @EyeCandee ? Lool,"{'topics': [], 'negative_keywords': [], 'positive_keywords': []}"
63,143056290183262208,Elles sont belles leurs robes. #MissFrance #TF1,"{'topics': [{'name': 'robes', 'opinion': 'positive'}], 'negative_keywords': [], 'positive_keywords': ['belles']}"
64,143056306985648128,J'aime pas leurs robes. #missfrance,"{'topics': [{'name': 'robes', 'opinion': 'negative'}], 'negative_keywords': ['pas aime'], 'positive_keywords': ['aime']}"
65,143056382147559428,très jolie robe pour ce 1er défilé #missfrance,"{'topics': [{'name': 'robe', 'opinion': 'positive'}], 'negative_keywords': [], 'positive_keywords': ['jolie']}"
66,143056388275449856,Je veux voir la Miss Centre #TF1,"{'topics': [], 'negative_keywords': [], 'positive_keywords': []}"
67,143056400938045440,Miss Provence doit gagner !#MissFrance,"{'topics': [], 'negative_keywords': [], 'positive_keywords': []}"
68,143056407070126080,"Oh, Lorie ma femme #MissFrance","{'topics': [], 'negative_keywords': [], 'positive_keywords': []}"
69,143056447142510592,Un peu kitch le jury cette année! #MissFrance #TF1,"{'topics': [{'name': 'jury', 'opinion': 'negative'}], 'negative_keywords': ['kitch'], 'positive_keywords': []}"
70,143056449042513921,Mdr elle fait quoi Lorie dans le jurie ? #MissFrance,"{'topics': [], 'negative_keywords': [], 'positive_keywords': []}"
71,143056450644742144,La rousse comment elle défile purée. (Miss Ile de France.) C'est hard. #Missfrance,"{'topics': [], 'negative_keywords': [], 'positive_keywords': []}"
72,143056457565347840,Miss Languedoc ou Miss Tahiti ou Miss Alsace #MissFrance,"{'topics': [], 'negative_keywords': [], 'positive_keywords': []}"
73,143056463315738624,C'est quoi ce jury de merde? #MissFrance #TF1,"{'topics': [{'name': 'jury', 'opinion': 'negative'}, {'name': 'jury', 'opinion': 'negative'}], 'negative_keywords': ['merde', 'ce'], 'positive_keywords': []}"
74,143056491019124736,"Spacer de Sheila, pour le premier défilé des Miss, crispées, regards en bas sur l'escalier. #MissFrance #TF1","{'topics': [{'name': 'Miss', 'opinion': 'negative'}], 'negative_keywords': ['crispées'], 'positive_keywords': []}"
75,143056508865875968,@Sofia_Essaidi la plus belle ce soir ! #SofiaEssaidi #missfrance,"{'topics': [{'name': 'Sofia_Essaidi', 'opinion': 'positive'}], 'negative_keywords': [], 'positive_keywords': ['belle']}"
76,143056515224453120,Miss Corse est moche #MissFrance,"{'topics': [{'name': 'Miss Corse', 'opinion': 'negative'}], 'negative_keywords': ['moche'], 'positive_keywords': []}"
77,143056562762678272,Oh Sofia Essaidi dans le jury #missfrance ! Même elle est plus magnifique que les miss !,"{'topics': [{'name': 'Sofia Essaidi', 'opinion': 'positive'}], 'negative_keywords': [], 'positive_keywords': ['magnifique']}"
78,143056565577060352,Je trouve que c'est un jury de merde... #TF1,"{'topics': [{'name': 'jury', 'opinion': 'negative'}], 'negative_keywords': ['merde'], 'positive_keywords': []}"
79,143056583549652992,Whouaaah Miss Guadeloupe ! Visuel on diraaaaiiiit !!! #MissFrance,"{'topics': [], 'negative_keywords': [], 'positive_keywords': []}"
80,143056607838863360,Miss guadeloupe c'est la plus belle !!! #MissFrance,"{'topics': [{'name': 'Miss guadeloupe', 'opinion': 'positive'}], 'negative_keywords': [], 'positive_keywords': ['belle']}"
81,143056640374083584,Miss Normandie est moche #MissFrance criticage x),"{'topics': [{'name': 'Miss Normandie', 'opinion': 'negative'}], 'negative_keywords': ['moche'], 'positive_keywords': []}"
82,143056663799283714,Miss Normandie n'est pas très belle #MissFrance,"{'topics': [{'name': 'Miss Normandie', 'opinion': 'negative'}], 'negative_keywords': ['pas belle'], 'positive_keywords': ['belle']}"
83,143056665166614528,#missfrance c'est parti on a déjà failli perdre Languedoc-Roussillon,"{'topics': [], 'negative_keywords': [], 'positive_keywords': []}"
84,143056676747100161,Première petite glissade d'une Miss au sourire en coin. #MissFrance #TF1,"{'topics': [], 'negative_keywords': [], 'positive_keywords': []}"
85,143056690273722368,je rappel que la gagnante de ce soir repart avec 1 voir 2 membres du jury pour jouer avec son membre ;-) lol #MissFrance,"{'topics': [], 'negative_keywords': [], 'positive_keywords': []}"
86,143056690663796736,Miss Centre est à couper le souffle !!!! #MissFrance GOSH,"{'topics': [{'name': 'Miss Centre', 'opinion': 'positive'}], 'negative_keywords': [], 'positive_keywords': ['souffle']}"
87,143056697940905985,"Une élection sous le signe de la modernité, arrivée sur ""spacer"" de Sheila #missfrance","{'topics': [], 'negative_keywords': [], 'positive_keywords': []}"
88,143056771097956352,Les robes son très jolies #MissFrance,"{'topics': [{'name': 'robes', 'opinion': 'positive'}], 'negative_keywords': [], 'positive_keywords': ['jolies']}"
89,143056800969785344,"Le télé Thon a commencé sur TF1, un jury composé des grands chefs ? #TF1","{'topics': [], 'negative_keywords': [], 'positive_keywords': []}"
90,143056829889515521,Miss Martinique ressemble à celle qui chante Mr Sainte Nitouche... #MissFrance,"{'topics': [{'name': 'Miss Martinique', 'opinion': 'negative'}], 'negative_keywords': ['nitouche'], 'positive_keywords': []}"
91,143056866128306176,@DenisBrogniart et @LorieOfficiel deja en train de discuter alors que sa commence juste #TF1,"{'topics': [], 'negative_keywords': [], 'positive_keywords': []}"
92,143056873539649536,Miss Lorraine est un VRAI THON #TF1,"{'topics': [{'name': 'Miss Lorraine', 'opinion': 'negative'}], 'negative_keywords': ['thon'], 'positive_keywords': []}"
93,143056894116888576,OMG la Miss Bretagne elle est cheeeuuum ! #MissFrance,"{'topics': [{'name': 'Miss Bretagne', 'opinion': 'negative'}], 'negative_keywords': ['cheeeuuum'], 'positive_keywords': []}"
94,143056919043653633,Sourire forcé #tf1,"{'topics': [{'name': 'Sourire', 'opinion': 'negative'}], 'negative_keywords': ['forcé'], 'positive_keywords': []}"
95,143056922378121217,Miss France c'est soit Tahiti ou Guadeloupe ! bref tchao salut #tf1,"{'topics': [], 'negative_keywords': [], 'positive_keywords': []}"
96,143056941000826880,Miss Bretagne elle est pas si belle que ça ... #TF1,"{'topics': [{'name': 'Miss Bretagne', 'opinion': 'negative'}], 'negative_keywords': ['pas belle'], 'positive_keywords': ['belle']}"
97,143056977247997954,Miss Tahiti ressemble à Teheiura ! #kohLanta #MissFrance,"{'topics': [], 'negative_keywords': [], 'positive_keywords': []}"
98,143056997867208706,Miss Normandie est moche ! #MissFrance,"{'topics': [{'name': 'Miss Normandie', 'opinion': 'negative'}], 'negative_keywords': ['moche'], 'positive_keywords': []}"
99,143057016095641600,#çaménèrve toutes ses sourires figés chez les #MissFrance !!! #TF1,"{'topics': [{'name': 'sourires', 'opinion': 'negative'}, {'name': 'sourires', 'opinion': 'negative'}], 'negative_keywords': ['figés', 'çaménèrve'], 'positive_keywords': []}"
100,143057035381059584,"ce soir, je serait la plus belle pour aller danser avec mes talons aiguilles de 7 cm. #MissFrance","{'topics': [], 'negative_keywords': [], 'positive_keywords': []}"
101,143057053722750976,HO merde ya une rousse dans les #MissFrance WTF!! #Mauvaisesélection,"{'topics': [], 'negative_keywords': [], 'positive_keywords': []}"
102,143057075394711552,#missfrance miss Bretagne elle est grave moche. Je vous le dis.,"{'topics': [{'name': 'miss Bretagne', 'opinion': 'negative'}], 'negative_keywords': ['moche'], 'positive_keywords': []}"
103,143057109767032832,#MissFrance @MariePayet soutener la #LaRéunion,"{'topics': [{'name': 'LaRéunion', 'opinion': 'positive'}], 'negative_keywords': [], 'positive_keywords': ['soutener']}"
104,143057112082300928,miss Bretagne elle est vraiment moche. #missfrance,"{'topics': [{'name': 'miss Bretagne', 'opinion': 'negative'}], 'negative_keywords': ['moche'], 'positive_keywords': []}"
105,143057123885072384,Brest powa #MissFrance,"{'topics': [], 'negative_keywords': [], 'positive_keywords': []}"
106,143057145842245632,Maintenant qu'Endemol a totalement repris les rennes de #MissFrance le défilé en maillot se passe en topless c'est ça?,"{'topics': [], 'negative_keywords': [], 'positive_keywords': []}"
107,143057167686176768,"En Bretagne, Coool  #missfrance","{'topics': [{'name': 'En Bretagne', 'opinion': 'positive'}], 'negative_keywords': [], 'positive_keywords': ['coool']}"
108,143057208593227776,Devant Miss France #TF1,"{'topics': [], 'negative_keywords': [], 'positive_keywords': []}"
109,143057216239448064,"Celle du ""Nord pas de Calais"" je trouve elle est jolie. Faut que je regarde aussi Languedoc roussillon je suis née dans le gare. #Missfrance","{'topics': [{'name': 'Nord pas de Calais', 'opinion': 'positive'}], 'negative_keywords': [], 'positive_keywords': ['jolie']}"
110,143057221511688193,Miss Bretagne est immonde #missfrance,"{'topics': [{'name': 'Miss Bretagne', 'opinion': 'negative'}], 'negative_keywords': ['immonde'], 'positive_keywords': []}"
111,143057228075773952,. @pharebreton ah quand Miss France Geek ? #missfrance,"{'topics': [], 'negative_keywords': [], 'positive_keywords': []}"
112,143057239031283713,Je suis  à 100% pour MISS REUNION ! #MissFrance,"{'topics': [{'name': 'MISS REUNION', 'opinion': 'positive'}], 'negative_keywords': [], 'positive_keywords': ['pour']}"
113,143057246539104256,Pourquoi elle sont toutes en robes de mariée ces petasse #MissFrance,"{'topics': [], 'negative_keywords': [], 'positive_keywords': []}"
114,143057247327617024,Go magnifique :) #MissFrance #MissLanguedoc #MissProvence,"{'topics': [{'name': 'MissLanguedoc', 'opinion': 'positive'}, {'name': 'MissProvence', 'opinion': 'positive'}], 'negative_keywords': [], 'positive_keywords': ['magnifique', 'magnifique']}"
115,143057251291246593,Miss France commence sur TF1 !,"{'topics': [], 'negative_keywords': [], 'positive_keywords': []}"
116,143057260564844544,Miss Gwada elle est joooolie ! #MissFrance,"{'topics': [{'name': 'Miss Gwada', 'opinion': 'positive'}], 'negative_keywords': [], 'positive_keywords': ['joooolie']}"
117,143057269884588032,Miss Provence il n'y a pas photo ! http://t.co/580zm21Y #missfrance,"{'topics': [{'name': 'Miss Provence', 'opinion': 'positive'}], 'negative_keywords': [], 'positive_keywords': ['photo']}"
118,143057270027194368,Parcontre Miss Guadeloupe a toutes ses chances ! #MissFrance,"{'topics': [], 'negative_keywords': [], 'positive_keywords': []}"
119,143057275047776256,Sofia Essaidi elle est super belle qd meme #MissFrance,"{'topics': [{'name': 'Sofia Essaidi', 'opinion': 'positive'}], 'negative_keywords': [], 'positive_keywords': ['belle']}"
120,143057288398254082,Tout sa pour laissé Jean-Pierre se préparer  en coulisse. A j'te jure ! #TF1,"{'topics': [], 'negative_keywords': [], 'positive_keywords': []}"
121,143057288779935744,Ca faisait longtemps qu'on a plus vu Jean Pierre Foucault à la présentation #MissFrance,"{'topics': [], 'negative_keywords': [], 'positive_keywords': []}"
122,143057293930528769,La Bretagne. Wesssshh wesssshh ! #MissFrance,"{'topics': [{'name': 'La Bretagne', 'opinion': 'positive'}], 'negative_keywords': [], 'positive_keywords': ['wesssshh']}"
123,143057305188048898,Laury Thilleman forever ! #missfrance,"{'topics': [{'name': 'Laury Thilleman', 'opinion': 'positive'}], 'negative_keywords': [], 'positive_keywords': ['forever']}"
124,143057312158990336,Miss Guadeloupe elle est belle #MissFrance #TF1,"{'topics': [{'name': 'Miss Guadeloupe', 'opinion': 'positive'}], 'negative_keywords': [], 'positive_keywords': ['belle']}"
125,143057322908979201,Elles sont pas très jojo les Miss #TF1,"{'topics': [{'name': 'les Miss', 'opinion': 'negative'}], 'negative_keywords': ['pas jojo'], 'positive_keywords': ['jojo']}"
126,143057382585544704,Languedoc est magnifique. #MissFrance,"{'topics': [{'name': 'Languedoc', 'opinion': 'positive'}], 'negative_keywords': [], 'positive_keywords': ['magnifique']}"
127,143057385727066112,"@carlitoooh Regarde TF1, il y a Miss France 2012.","{'topics': [], 'negative_keywords': [], 'positive_keywords': []}"
128,143057398469373953,Aaaaah Alain Delon !! Même a 76 ans je le trouve incroyablement charmant !! #missfrance,"{'topics': [{'name': 'Alain Delon', 'opinion': 'positive'}], 'negative_keywords': [], 'positive_keywords': ['charmant']}"
129,143057408640557056,"Miss Bretagne à Brest, vous êtes sérieux #MissFrance là ? OK, le spectateur vote à 100%.","{'topics': [], 'negative_keywords': [], 'positive_keywords': []}"
130,143057419373776896,Miss Bretagne fait honte à celle-ci ! #TF1,"{'topics': [{'name': 'Miss Bretagne', 'opinion': 'negative'}], 'negative_keywords': ['honte'], 'positive_keywords': []}"
131,143057440873787392,"Corse, Bretagne aucune chance. la suite dès que je les ai vues #missfrance","{'topics': [], 'negative_keywords': [], 'positive_keywords': []}"
132,143057452982743040,Miss Picardie 2011 - Miss France 2012 - MYTF1 http://t.co/x8nYCFKV,"{'topics': [], 'negative_keywords': [], 'positive_keywords': []}"
133,143057453548961793,Alain Delon a surtout besoin de sous #MissFrance,"{'topics': [], 'negative_keywords': [], 'positive_keywords': []}"
134,143057457969770496,Allez Miss France choisie à 100% par les français... Je tremble d'avance #MissFrance,"{'topics': [], 'negative_keywords': [], 'positive_keywords': []}"
135,143057466660356097,Miss France 2012.. et si c'était la dernière? #MissFrance #FinDuMonde,"{'topics': [], 'negative_keywords': [], 'positive_keywords': []}"
136,143057468237418496,Moi je suis pour Miss Picardie #TF1,"{'topics': [{'name': 'Miss Picardie', 'opinion': 'positive'}], 'negative_keywords': [], 'positive_keywords': ['pour']}"
137,143057484091891712,"Tema regardez les avec leur sourires la, je suis sure qu'elles ont mal aux joues. #TF1","{'topics': [], 'negative_keywords': [], 'positive_keywords': []}"
138,143057492564393985,Sylvie Tellier je l'ai jamais trouvé si extra que ça ... #missfrance,"{'topics': [{'name': 'Sylvie Tellier', 'opinion': 'negative'}], 'negative_keywords': ['jamais extra'], 'positive_keywords': ['extra']}"
139,143057494095302656,Elles ont de ces robes *_* #MissFrance,"{'topics': [], 'negative_keywords': [], 'positive_keywords': []}"
140,143057507147988992,"Pour l'instant faut pas trop s'attacher, le jury a déjà décidé d'en viré 21 #missfrance","{'topics': [], 'negative_keywords': [], 'positive_keywords': []}"
141,143057513103888385,Miss Guadeloupe susu rpz  #missfrance (cc @Kimy_Mayliss_T ),"{'topics': [], 'negative_keywords': [], 'positive_keywords': []}"
142,143057521828048896,Le défilé des wannabe vétérinaires is on!! #MissFrance,"{'topics': [], 'negative_keywords': [], 'positive_keywords': []}"
143,143057521907728384,#MissFrance Sylvie Tellier devrait faire gaffe le vert porte malheur,"{'topics': [], 'negative_keywords': [], 'positive_keywords': []}"
144,143057541591597056,c'est quoi cette robe verte quelle porte #missfrance,"{'topics': [{'name': 'robe', 'opinion': 'negative'}], 'negative_keywords': ['cette'], 'positive_keywords': []}"
145,143057554526846976,Alain Delon et @SylvieTellier font leur entrée #MissFrance,"{'topics': [], 'negative_keywords': [], 'positive_keywords': []}"
146,143057562969972736,Sylvie Tellier est sublime #MissFrance,"{'topics': [{'name': 'Sylvie Tellier', 'opinion': 'positive'}], 'negative_keywords': [], 'positive_keywords': ['sublime']}"
147,143057586495832064,C'est quoi ces musiques de merdes la ? #MissFrance,"{'topics': [{'name': 'musiques', 'opinion': 'negative'}, {'name': 'musiques', 'opinion': 'negative'}], 'negative_keywords': ['ces', 'merdes'], 'positive_keywords': []}"
148,143057592925700096,Faut vraiment qu'ils arrêtent avec leurs musiques de merde là ! C'est plus possible ! #MissFrance,"{'topics': [{'name': 'musiques', 'opinion': 'negative'}], 'negative_keywords': ['merde'], 'positive_keywords': []}"
149,143057596851552257,"Je trouve Sylvie Tellier vraiment moche. Elle avait totalement volé son titre de #MissFrance à l'époque. Et Delon président d'honneur, euh..","{'topics': [{'name': 'Sylvie Tellier', 'opinion': 'negative'}], 'negative_keywords': ['moche'], 'positive_keywords': []}"
150,143057621765734400,Miss France &lt;3 #TF1,"{'topics': [], 'negative_keywords': [], 'positive_keywords': []}"
151,143057625276350467,la robe vert c'est ... (on a dit pas le physique)  #missfrance,"{'topics': [], 'negative_keywords': [], 'positive_keywords': []}"
152,143057629927837696,#MissFrance Moi j'attends les présentation pour savoir laquelle je préfère,"{'topics': [], 'negative_keywords': [], 'positive_keywords': []}"
153,143057632381513729,Miss Centre qui se casse la figure 3 secondes après le début de la danse #MissFrance,"{'topics': [], 'negative_keywords': [], 'positive_keywords': []}"
154,143057639591514112,Sylvie Tellier croit que les applaudissements sont pour elle #missfrance,"{'topics': [], 'negative_keywords': [], 'positive_keywords': []}"
155,143057655949312001,on va dire que miss Langudeoc Roussillon est POTABLE . #TF1,"{'topics': [{'name': 'miss Langudeoc Roussillon', 'opinion': 'positive'}], 'negative_keywords': [], 'positive_keywords': ['potable']}"
156,143057665399078912,Sylvie Tellier est toujours aussi moche. On se demande comment elle a pu être élu Miss France un jour #TF1,"{'topics': [{'name': 'Sylvie Tellier', 'opinion': 'negative'}], 'negative_keywords': ['moche'], 'positive_keywords': []}"
157,143057670004416512,Leurs robe sont magnifiques. *o* #TF1,"{'topics': [{'name': 'robe', 'opinion': 'positive'}], 'negative_keywords': [], 'positive_keywords': ['magnifiques']}"
158,143057682289537024,Miss france sur #TF1 #fb,"{'topics': [], 'negative_keywords': [], 'positive_keywords': []}"
159,143057685212962818,"Rendez-nous Geneviève et ses chapeaux !!! Sylvie Tellier, ce n'est pas possible... #missfrance","{'topics': [], 'negative_keywords': [], 'positive_keywords': []}"
160,143057686144094208,Sylvie Tellier a des dents pour toute sa vie... #MissFrance #TF1,"{'topics': [], 'negative_keywords': [], 'positive_keywords': []}"
161,143057701860155392,Ohlala. Miss France 2012 sur #TF1 . J'ai toujours rêvé qu'une miss se casse la gueule. Ça serait rigolo . (a) .,"{'topics': [], 'negative_keywords': [], 'positive_keywords': []}"
162,143057705861513216,Alain Delon a manifestemment abusé du champ' en coulisse #missfrance,"{'topics': [], 'negative_keywords': [], 'positive_keywords': []}"
163,143057708768182272,"#MissFrance Alain Delon a choisi de devenir grand pdt des miss à vie pour les tripoter en coulisses, non?","{'topics': [], 'negative_keywords': [], 'positive_keywords': []}"
164,143057712681459714,Yuk la robe verte #MissFrance.,"{'topics': [{'name': 'robe', 'opinion': 'negative'}], 'negative_keywords': ['yuk'], 'positive_keywords': []}"
165,143057715411951616,Et Une fois de plus Alain Delon entre sur le piano mécanique de Borsalino #raslebol #missfrance,"{'topics': [], 'negative_keywords': [], 'positive_keywords': []}"
166,143057716275986432,"Dieu du Pas-de-Calais, fait que cette année, nous ayons une Ch'ti #MissFrance ^L^)","{'topics': [], 'negative_keywords': [], 'positive_keywords': []}"
167,143057719857913856,La chanson bien pourri derrière quand Alain Delon arrive #MissFrance,"{'topics': [{'name': 'chanson', 'opinion': 'negative'}], 'negative_keywords': ['pourri'], 'positive_keywords': []}"
168,143057731123818496,"Moi j'aime bien Sylvie Tellier, c'était Miss Lyon #MissFrance","{'topics': [{'name': 'Sylvie Tellier', 'opinion': 'positive'}], 'negative_keywords': [], 'positive_keywords': ['aime']}"
169,143057733703315457,Lorie. Oh joie et bonheur #MissFrance,"{'topics': [], 'negative_keywords': [], 'positive_keywords': []}"
170,143057749557772288,"#Missfrance j'aime pas Sylvie Tellier, elle se la pète trop.","{'topics': [{'name': 'Sylvie Tellier', 'opinion': 'negative'}, {'name': 'Sylvie Tellier', 'opinion': 'negative'}], 'negative_keywords': ['pas aime', 'pète'], 'positive_keywords': ['aime']}"
171,143057767853334528,Miss Guadeloupe et Miss Mayotte et puis c'est tout ! *o* #MissFrance,"{'topics': [], 'negative_keywords': [], 'positive_keywords': []}"
172,143057815806816256,"J'ai la flemme de regarder Miss France, je regarderai le replay. En plus ça beug sur le site tf1.","{'topics': [], 'negative_keywords': [], 'positive_keywords': []}"
173,143057819489402880,Alain Delon a vraiment trop la classe !! #MissFrance,"{'topics': [{'name': 'Alain Delon', 'opinion': 'positive'}], 'negative_keywords': [], 'positive_keywords': ['classe']}"
174,143057823406899201,"“@___DSK___: Mouchoirs et caleçons de rechange, je suis prêt pour la cérémonie des Miss France. #missfrance” hehe k asco!","{'topics': [], 'negative_keywords': [], 'positive_keywords': []}"
175,143057857036828672,Elles doivent avoir mal au lèvre à force de sourire non? #MissFrance,"{'topics': [], 'negative_keywords': [], 'positive_keywords': []}"
176,143057887521030145,Alors qu'est ce ca donne#missfrance2012#tf1,"{'topics': [], 'negative_keywords': [], 'positive_keywords': []}"
177,143057897994203137,Il y a une chanson de Vincent Delerm qui parle des #missfrance.,"{'topics': [], 'negative_keywords': [], 'positive_keywords': []}"
178,143057965375700994,"Moi le truc que je préfère, c'est les présentations des miss, une par une. Leur petite danse pourrie la, je dis non. #MissFrance","{'topics': [{'name': 'présentations', 'opinion': 'positive'}, {'name': 'danse', 'opinion': 'negative'}], 'negative_keywords': ['pourrie'], 'positive_keywords': ['préfère']}"
179,143057988339515393,Lorie!!!!!! #MissFrance,"{'topics': [], 'negative_keywords': [], 'positive_keywords': []}"
180,143057993079066624,Sylvie Tellier on diraiT une bouteille de Perrier.  #vert #MissFrance #TF1,"{'topics': [], 'negative_keywords': [], 'positive_keywords': []}"
181,143058002365255680,Miss Guadeloupe elle est belle :) #MissFrance,"{'topics': [{'name': 'Miss Guadeloupe', 'opinion': 'positive'}], 'negative_keywords': [], 'positive_keywords': ['belle']}"
182,143058016621699072,Francis Huster revient à la vie à chaque élection de #MissFrance ... (cc @LisePressac @LeTelegramme ),"{'topics': [], 'negative_keywords': [], 'positive_keywords': []}"
183,143058022892191745,"Honnetement, pour moi, la Miss France ce soir c'est @Sofia_Essaidi elle est resplendissante !!!!! #MissFrance","{'topics': [{'name': 'Sofia_Essaidi', 'opinion': 'positive'}], 'negative_keywords': [], 'positive_keywords': ['resplendissante']}"
184,143058023626182656,Lorie? Sérieusement? #missfrance,"{'topics': [], 'negative_keywords': [], 'positive_keywords': []}"
185,143058029426909185,J'ai toujours le seum de la manière dont ils ont boycott Miss Réunion pour faire gagner une vendeuse de poisson l'année passée #MissFrance,"{'topics': [], 'negative_keywords': [], 'positive_keywords': []}"
186,143058045671456769,Alain Delon se fait appeler monsieur le président et personne ne rigole. Hollande doit se dire qu'il aurait du s'intéresser à #MissFrance,"{'topics': [], 'negative_keywords': [], 'positive_keywords': []}"
187,143058064671637504,Un parc des expo de Penfeld complètement méconnaissable... Lol on attend pour faire un Zénith?#MissFrance #Brest,"{'topics': [], 'negative_keywords': [], 'positive_keywords': []}"
188,143058067309862912,Je vais m'ennuyer ce soir devant la tv là!!! Vivement l'élection de #MissBlackFR #MissFrance,"{'topics': [], 'negative_keywords': [], 'positive_keywords': []}"
189,143058079972474880,Lorie jury #MissFrance #WTF Oo,"{'topics': [], 'negative_keywords': [], 'positive_keywords': []}"
190,143058094266646528,Lorie = Barbie ? #tf1,"{'topics': [], 'negative_keywords': [], 'positive_keywords': []}"
191,143058097609519106,"Lorie, t'as des extensions #grillé #MissFrance","{'topics': [], 'negative_keywords': [], 'positive_keywords': []}"
192,143058103959683072,"Contraste entre #TF1 et #France2. D'un côté les robes, les bijoux et de l'autre les fauteuils, les maladies. Cherchez l'erreur.","{'topics': [], 'negative_keywords': [], 'positive_keywords': []}"
193,143058110339235840,Faut que je repère ma miss! Elle est ou Miss Lorraine ? #TF1,"{'topics': [], 'negative_keywords': [], 'positive_keywords': []}"
194,143058110670585856,Il fallait bien qu'elle se recycle quelque part Lorie #missfrance,"{'topics': [], 'negative_keywords': [], 'positive_keywords': []}"
195,143058110708322304,Lorie fait trop sa sérieuse ! #TF1,"{'topics': [{'name': 'Lorie', 'opinion': 'negative'}], 'negative_keywords': ['sérieuse'], 'positive_keywords': []}"
196,143058111584940032,Lorie est vivante ? #BlaguePasDrôleJeSors #MissFrance,"{'topics': [], 'negative_keywords': [], 'positive_keywords': []}"
197,143058115368194048,elle fait quoi ici Lorie ? #missfrance .,"{'topics': [], 'negative_keywords': [], 'positive_keywords': []}"
198,143058116068655104,Lorie : no comment #MissFrance,"{'topics': [], 'negative_keywords': [], 'positive_keywords': []}"
199,143058124268515328,Lorie vient parce qu'elle veut montrer qu'elle est toujours vivante ?? Lamentable #MissFrance,"{'topics': [{'name': 'Lorie', 'opinion': 'negative'}], 'negative_keywords': ['lamentable'], 'positive_keywords': []}"
200,143058142534696960,Sofia Essaidi est trop belle. #MissFrance,"{'topics': [], 'negative_keywords': [], 'positive_keywords': []}"
201,143058156375904256,Pourquoi y'a Lorie ? #MissFrance,"{'topics': [], 'negative_keywords': [], 'positive_keywords': []}"
202,143058171232141313,"malheureusement, les plus bombasses sont dans le jury #MissFrance","{'topics': [{'name': 'jury', 'opinion': 'positive'}], 'negative_keywords': [], 'positive_keywords': ['bombasses']}"
203,143058182334464000,horrible la robe verte #missfrance,"{'topics': [{'name': 'robe verte', 'opinion': 'negative'}], 'negative_keywords': ['horrible'], 'positive_keywords': []}"
204,143058190488190977,Sophie ...euh...Sofia Essaïdi. Bien joué Delon #MissFrance,"{'topics': [], 'negative_keywords': [], 'positive_keywords': []}"
205,143058200395128832,Et dire que j'adorais Lorie quand j'étais petite.. #TF1,"{'topics': [{'name': 'Lorie', 'opinion': 'positive'}], 'negative_keywords': [], 'positive_keywords': ['adorais']}"
206,143058211736518656,"Pour les gonzesses du jury, la consigne c'était de montrer le plus de #boobs possible ? #missFrance","{'topics': [], 'negative_keywords': [], 'positive_keywords': []}"
207,143058219697307649,@LorieOfficiel et @Sofia_Essaidi sont juste magnifique ce soir je trouve #missfrance,"{'topics': [{'name': 'Sofia_Essaidi', 'opinion': 'positive'}, {'name': 'LorieOfficiel', 'opinion': 'positive'}], 'negative_keywords': [], 'positive_keywords': ['magnifique', 'magnifique']}"
208,143058232808706048,Ca se voit que c'est Endemol... On voit un peu plus de peau... #MissFrance #Lorie,"{'topics': [], 'negative_keywords': [], 'positive_keywords': []}"
209,143058232900993025,Le jury de #missfrance c'est un mix entre des has been et des amis de #TF1 ...,"{'topics': [{'name': 'jury', 'opinion': 'positive'}], 'negative_keywords': [], 'positive_keywords': ['been']}"
210,143058239750291456,Sa deja commncer sr tf1 #missfrance2012,"{'topics': [], 'negative_keywords': [], 'positive_keywords': []}"
211,143058240836603905,"Lorie , toujours aussi moche . #MissFrance","{'topics': [{'name': 'Lorie', 'opinion': 'negative'}], 'negative_keywords': ['moche'], 'positive_keywords': []}"
212,143058250437361664,#missfrance Sylvie Tellier a vraiment été Miss France ?! Avec le même maquilleur ??,"{'topics': [], 'negative_keywords': [], 'positive_keywords': []}"
213,143058252681318402,Pourquoi il y a des chanteurs dans le jury #MissFrance,"{'topics': [], 'negative_keywords': [], 'positive_keywords': []}"
214,143058261329969152,Lorie? Euuuuh? #missfrance.,"{'topics': [], 'negative_keywords': [], 'positive_keywords': []}"
215,143058278061064192,"Dans le jury, Linda Hardy, Lorie, Sofia Essaidi, Pascal Obispo, Denis Brogniart et Francis Huster en VP. #MissFrance #TF1","{'topics': [], 'negative_keywords': [], 'positive_keywords': []}"
216,143058293374451713,Quel est belle @Sofia_Essaidi #missfrance,"{'topics': [{'name': 'Sofia_Essaidi', 'opinion': 'positive'}], 'negative_keywords': [], 'positive_keywords': ['belle']}"
217,143058306183868416,Iiii fout Missié Delon ka sem mwen y boulé #tf1 #missfrance,"{'topics': [], 'negative_keywords': [], 'positive_keywords': []}"
218,143058307748331521,"ça y est, le spectacle comique commence #missfrance","{'topics': [], 'negative_keywords': [], 'positive_keywords': []}"
219,143058327134420992,"Lorie c'est trop dévergondée, elle est dégueulasse ! #missfrance","{'topics': [{'name': 'Lorie', 'opinion': 'negative'}, {'name': 'Lorie', 'opinion': 'negative'}], 'negative_keywords': ['dévergondée', 'dégueulasse'], 'positive_keywords': []}"
220,143058330166898688,"Alain Delon, il serait pas un peu pompette...? #missfrance2012 #tf1","{'topics': [{'name': 'Alain Delon', 'opinion': 'negative'}], 'negative_keywords': ['pompette'], 'positive_keywords': []}"
221,143058351788523520,Comment je l'aime pas la Lorie là !!! #MissFrance,"{'topics': [{'name': 'Lorie', 'opinion': 'negative'}], 'negative_keywords': ['pas aime'], 'positive_keywords': ['aime']}"
222,143058352749023233,Quelqu'un pourrait m'expliquer la présence de Lorie dans le jury ? #MissFrance #TF1,"{'topics': [], 'negative_keywords': [], 'positive_keywords': []}"
223,143058353592074240,jury de ouf quand même!! ça donne envie! #missfrance,"{'topics': [{'name': 'jury', 'opinion': 'positive'}, {'name': 'jury', 'opinion': 'positive'}], 'negative_keywords': [], 'positive_keywords': ['ouf', 'envie']}"
224,143058363150909440,"Je zappais entre les handicapés physiques et les handicapés mentaux et là, LA : Depuis quand Lorie est devenue une putain ? #missfrance","{'topics': [{'name': 'Lorie', 'opinion': 'negative'}], 'negative_keywords': ['putain'], 'positive_keywords': []}"
225,143058370797121536,Lorie on dirait une vieille duchesse ! #MissFrance,"{'topics': [{'name': 'Lorie', 'opinion': 'negative'}], 'negative_keywords': ['duchesse'], 'positive_keywords': []}"
226,143058372353200128,Euuuh ... Le présentateur de Koh Lanta fait parti du jury .. #Bahouicestlogique ( OU PAS ) #MissFrance,"{'topics': [], 'negative_keywords': [], 'positive_keywords': []}"
227,143058391613452288,"Sylvie Tellier., y'a le Joe Bar Team qu'a appelé, ils voudraient récupérer leur casque. #missFrance","{'topics': [], 'negative_keywords': [], 'positive_keywords': []}"
228,143058400853508096,Lorie pourrait être à poil ça serait pareil ! #MissFrance,"{'topics': [], 'negative_keywords': [], 'positive_keywords': []}"
229,143058401029652480,"Lorie, pourquoi ce postiche ? Mais pourquoi!? #MissFrance","{'topics': [{'name': 'Lorie', 'opinion': 'negative'}], 'negative_keywords': ['postiche'], 'positive_keywords': []}"
230,143058403978264576,"J'ai cru voir Sheilla dans les jury!!! euh non, en fait c'est Lorie #MissFrance","{'topics': [], 'negative_keywords': [], 'positive_keywords': []}"
231,143058413054738433,"Je me dit ""Lol, y'a du bruit là? Mettez Justin dans le jury, et LA y'aura du bruit."" #itsabelieberthing #TF1","{'topics': [], 'negative_keywords': [], 'positive_keywords': []}"
232,143058416171094016,"C'est quoi ce jury de jeunes là ?! Y'a plus Mme De Fontenay, c'est la fête ou bien ?! #MissFrance #TF1","{'topics': [{'name': 'jury', 'opinion': 'negative'}], 'negative_keywords': ['ce'], 'positive_keywords': []}"
233,143058419010637824,Je peux balancer maintenant: les perdantes doivent coucher avec A. Delon. C'est pour ça qu'elles pleurent quand elles perdent. #MissFrance,"{'topics': [], 'negative_keywords': [], 'positive_keywords': []}"
234,143058421694988288,C'est quoi la robe de Lorie ? #missfrance,"{'topics': [], 'negative_keywords': [], 'positive_keywords': []}"
235,143058426942062593,Je vous avais dit que Teheiura était dans les Miss n'est-ce pas @DenisBrogniart ? #MissFrance,"{'topics': [], 'negative_keywords': [], 'positive_keywords': []}"
236,143058435515219968,"Le jury est présenté : Alain Delon, Francis Huster, Denis Brogniart, Sofia Essaïdi, Linda Hardy, Lorie et Pascal Obispo. #MissFrance","{'topics': [], 'negative_keywords': [], 'positive_keywords': []}"
237,143058436416995329,Lorie a survécu à la Tecktonik ? #TF1,"{'topics': [], 'negative_keywords': [], 'positive_keywords': []}"
238,143058445682221057,Sylvie Tellier est-elle au courant que le vert porte malheur sur un plateau #MissFrance,"{'topics': [], 'negative_keywords': [], 'positive_keywords': []}"
239,143058453445873666,Lorie n'a pas mis de soutif' toujours en mode ado rebelle celle-là #missfrance,"{'topics': [{'name': 'Lorie', 'opinion': 'negative'}], 'negative_keywords': ['rebelle'], 'positive_keywords': []}"
240,143058456176361473,Nan sérieux c'est qui la Barbie avec une robe verte ? #MissFrance,"{'topics': [], 'negative_keywords': [], 'positive_keywords': []}"
241,143058457229148160,"si le calendrier Maya, ne se trompe point c'est la dernière élection de miss france. #MissFrance","{'topics': [], 'negative_keywords': [], 'positive_keywords': []}"
242,143058461209530369,"Alain Delon, il a trop cru que dire "" #MissFrance 2012 "" c'etait un trick de fou . Qu'il dorme avec son faux suspense la","{'topics': [], 'negative_keywords': [], 'positive_keywords': []}"
243,143058468088197120,"Alain Delon, aime tout le monde ce soir ! Vrai ou Fake ? #MissFrance","{'topics': [], 'negative_keywords': [], 'positive_keywords': []}"
244,143058473805029376,Président à vie ? ça risque d'être marrant quand il sera bien sénile le père Delon #MissFrance #TF1,"{'topics': [{'name': 'le père Delon', 'opinion': 'negative'}], 'negative_keywords': ['sénile'], 'positive_keywords': []}"
245,143058487235182592,"Moi je pense quand même à notre Geneviève Nationale, sans elle c'est pas vraiment Miss France! Tu nous manques Geneviève!!!!! #MissFrance","{'topics': [], 'negative_keywords': [], 'positive_keywords': []}"
246,143058489336532994,"Ouais enfin ""chorégraphies"" #MissFrance","{'topics': [], 'negative_keywords': [], 'positive_keywords': []}"
247,143058509565669378,"Delon ne sait même pas parler français "" Je déclare ouvert la cérémonie"" !!! #missFrance","{'topics': [], 'negative_keywords': [], 'positive_keywords': []}"
248,143058521242611713,Je suis la seule à avoir vu Miss Centre tomber en descendant les marches ? #missfrance,"{'topics': [], 'negative_keywords': [], 'positive_keywords': []}"
249,143058521766895616,J'vote pour Sofia Essaidi. Elle est plus belle que les miss. #MissFrance,"{'topics': [{'name': 'Sofia Essaidi', 'opinion': 'positive'}, {'name': 'les miss', 'opinion': 'negative'}], 'negative_keywords': ['que belle'], 'positive_keywords': ['belle', 'belle']}"
250,143058538044989440,Lorie essayer d'augmenter sa cote de popularité en étant le jury #MissFrance,"{'topics': [], 'negative_keywords': [], 'positive_keywords': []}"
251,143058542272851968,"Miss France sur #TF1... Euh, non merci :)","{'topics': [], 'negative_keywords': [], 'positive_keywords': []}"
252,143058543518552064,"Miss France 2011 n'a servi à rien. Pour 2012, on VEUT du scandale ! On veut de la polémique ! #MissFrance","{'topics': [{'name': 'Miss France 2011', 'opinion': 'negative'}], 'negative_keywords': ['rien'], 'positive_keywords': []}"
253,143058547947737088,Je déclare la cérémonie Miss France 2010 ouverte #MissFrance,"{'topics': [], 'negative_keywords': [], 'positive_keywords': []}"
254,143058569888153600,Miss Bourgogne is my classamte Virginie's Best Friend ! VOTE FOR HER PLEASE! :) #MissFrance,"{'topics': [], 'negative_keywords': [], 'positive_keywords': []}"
255,143058589039333376,"Sylvie Tellier, t'es froide, tu me fais peur :( #MissFrance","{'topics': [{'name': 'Sylvie Tellier', 'opinion': 'negative'}, {'name': 'Sylvie Tellier', 'opinion': 'negative'}], 'negative_keywords': ['froide', 'peur'], 'positive_keywords': []}"
256,143058640851578881,Dos bloqué mais impatient de savoir qui sera la Miss France de la fin du monde! #missfrance,"{'topics': [], 'negative_keywords': [], 'positive_keywords': []}"
257,143058663077183488,Miss Languedoc : Belle #MissFrance,"{'topics': [{'name': 'Miss Languedoc', 'opinion': 'positive'}], 'negative_keywords': [], 'positive_keywords': ['belle']}"
258,143058663878295553,rpz Miss Languedoc en premier ! héhéhéhéhéhé #missFrance,"{'topics': [], 'negative_keywords': [], 'positive_keywords': []}"
259,143058665996423169,La miss de ma région est encore trop moche --' VDM #missfrance,"{'topics': [{'name': 'miss de ma région', 'opinion': 'negative'}], 'negative_keywords': ['moche'], 'positive_keywords': []}"
260,143058671742623744,J'aime son sourire #missfrance,"{'topics': [{'name': 'sourire', 'opinion': 'positive'}], 'negative_keywords': [], 'positive_keywords': ['aime']}"
261,143058673026076672,Miss Languedoc s'appelle Alison. Ca me rappelle Jordy. -1/10. #MissFrance,"{'topics': [], 'negative_keywords': [], 'positive_keywords': []}"
262,143058677673373696,Moi aussi je vais me presenter à Miss France l'année prochaine ! VOILA ! #MissFrance,"{'topics': [], 'negative_keywords': [], 'positive_keywords': []}"
263,143058704084897792,"""je suis plutôt naturelle"" ... of course Miss Languedoc #missfrance","{'topics': [{'name': 'Miss Languedoc', 'opinion': 'positive'}], 'negative_keywords': [], 'positive_keywords': ['naturelle']}"
264,143058718676893696,Les portraits ! Languedoc : AMOUR. ♥ #MissFrance,"{'topics': [{'name': 'Languedoc', 'opinion': 'positive'}], 'negative_keywords': [], 'positive_keywords': ['amour']}"
265,143058720035835905,Miss Languedoc je dis non #TF1,"{'topics': [{'name': 'Miss Languedoc', 'opinion': 'negative'}], 'negative_keywords': ['non'], 'positive_keywords': []}"
266,143058720925036545,"Languedoc : pas mal, vraiment. #MissFrance","{'topics': [{'name': 'Languedoc', 'opinion': 'positive'}], 'negative_keywords': [], 'positive_keywords': ['mal']}"
267,143058724112703488,Miss Languedoc est joulie  #MissFrance,"{'topics': [{'name': 'Miss Languedoc', 'opinion': 'positive'}], 'negative_keywords': [], 'positive_keywords': ['joulie']}"
268,143058730697764864,Oh trop trop belle Miss Languedoc!! :) #MissFrance,"{'topics': [{'name': 'Miss Languedoc', 'opinion': 'positive'}], 'negative_keywords': [], 'positive_keywords': ['belle']}"
269,143058731842813952,"Miss Languedoc est vraiment belle et simple, j'adhère ! (y) #TF1","{'topics': [{'name': 'Miss Languedoc', 'opinion': 'positive'}, {'name': 'Miss Languedoc', 'opinion': 'positive'}, {'name': 'Miss Languedoc', 'opinion': 'positive'}], 'negative_keywords': [], 'positive_keywords': ['belle', 'adhère', 'simple']}"
270,143058737396068352,"mon dieu, miss languedoc me fait honte ! #missfrance","{'topics': [{'name': 'miss languedoc', 'opinion': 'negative'}], 'negative_keywords': ['honte'], 'positive_keywords': []}"
271,143058738687918080,Oh elle est trop mignonne Miss Languedoc. #TF1,"{'topics': [{'name': 'Miss Languedoc', 'opinion': 'positive'}], 'negative_keywords': [], 'positive_keywords': ['mignonne']}"
272,143058739560316928,Mignonne Languedoc #missfrance,"{'topics': [], 'negative_keywords': [], 'positive_keywords': []}"
273,143058741800083456,"Miss Languedoc, elle est canoon! #missFrance .","{'topics': [{'name': 'Miss Languedoc', 'opinion': 'negative'}], 'negative_keywords': ['canoon'], 'positive_keywords': []}"
274,143058746589974529,miss languedoc elle est super belle :O #tf1 #missfrance,"{'topics': [{'name': 'miss languedoc', 'opinion': 'positive'}], 'negative_keywords': [], 'positive_keywords': ['belle']}"
275,143058768400359424,Miss Languedoc elle est belle quand même #MissFrance,"{'topics': [{'name': 'Miss Languedoc', 'opinion': 'positive'}], 'negative_keywords': [], 'positive_keywords': ['belle']}"
276,143058798335111168,"""@kindi_sheikki: c koi ce jury de #missfrance Lorie?? wtf??""Grave!","{'topics': [{'name': 'jury', 'opinion': 'negative'}], 'negative_keywords': ['ce'], 'positive_keywords': []}"
277,143058798519660546,Miss Languedoc magnifique! #missfrance,"{'topics': [{'name': 'Miss Languedoc', 'opinion': 'positive'}], 'negative_keywords': [], 'positive_keywords': ['magnifique']}"
278,143058799480152064,La miss languedoc est belleee! #Missfrance,"{'topics': [{'name': 'miss languedoc', 'opinion': 'positive'}], 'negative_keywords': [], 'positive_keywords': ['belleee']}"
279,143058802948845568,Elle est jolie Miss Languedoc. #missfrance,"{'topics': [{'name': 'Miss Languedoc', 'opinion': 'positive'}], 'negative_keywords': [], 'positive_keywords': ['jolie']}"
280,143058832166359042,Miss Languedoc #Belle #TF1 j'adore !,"{'topics': [{'name': 'Miss Languedoc', 'opinion': 'positive'}, {'name': 'Miss Languedoc', 'opinion': 'positive'}], 'negative_keywords': [], 'positive_keywords': ['belle', 'adore']}"
281,143058837161783297,Normandie est très belle #MissFrance,"{'topics': [{'name': 'Normandie', 'opinion': 'positive'}], 'negative_keywords': [], 'positive_keywords': ['belle']}"
282,143058845508444160,"""Si je suis Miss France, il n'est pas impossible que je pleure"" NOOOON ? #Languedoc #MissFrance","{'topics': [], 'negative_keywords': [], 'positive_keywords': []}"
283,143058850021523458,"bon miss Languedoc ca va, elle est pas si moche, mais elle a pas j'étoffe d'une miss. #missFrance","{'topics': [{'name': 'miss Languedoc', 'opinion': 'positive'}, {'name': 'miss Languedoc', 'opinion': 'positive'}, {'name': 'miss Languedoc', 'opinion': 'negative'}], 'negative_keywords': ['pas moche', 'pas miss'], 'positive_keywords': ['va', 'moche', 'miss']}"
284,143058875665489920,"Miss Languedoc : OK , Miss Pas de Calais : fail ! #MissFrance","{'topics': [{'name': 'Miss Languedoc', 'opinion': 'positive'}, {'name': 'Miss Pas de Calais', 'opinion': 'negative'}], 'negative_keywords': ['fail'], 'positive_keywords': ['ok']}"
285,143058888374239233,#fail le nord pas de calais au sud de la France... #MissFrance,"{'topics': [], 'negative_keywords': [], 'positive_keywords': []}"
286,143058896544735233,Miss Languedoc est un peu MAGNIFIQUE. #MissFrance,"{'topics': [{'name': 'Miss Languedoc', 'opinion': 'positive'}], 'negative_keywords': [], 'positive_keywords': ['magnifique']}"
287,143058904744595457,Voyons voir la miss bretagne #MissFrance,"{'topics': [], 'negative_keywords': [], 'positive_keywords': []}"
288,143058916211822593,Elles font trop tâches les Miss #MissFrance !,"{'topics': [{'name': 'les Miss', 'opinion': 'negative'}], 'negative_keywords': ['tâches'], 'positive_keywords': []}"
289,143058918745182209,Alan Delon presidente vitalicio del #missFrance y Sylvie T es la Nueva Osmel mosca con ella este año metió 6to lugar en el MissUniverso,"{'topics': [], 'negative_keywords': [], 'positive_keywords': []}"
290,143058921999958016,Miss Nord-Pas-de-Calais fait vieille ! #MissFrance #TF1,"{'topics': [{'name': 'Miss Nord-Pas-de-Calais', 'opinion': 'negative'}], 'negative_keywords': ['vieille'], 'positive_keywords': []}"
291,143058933496561664,"Pendant que son mec fait le tour du monde sur la tournée de @britneyspears , Sofia est jury à #MissFrance ...","{'topics': [], 'negative_keywords': [], 'positive_keywords': []}"
292,143058936721965056,Miss Pas-de-Calais ce sera non pour toi *ouverture de la trappe*  #MissFrance,"{'topics': [], 'negative_keywords': [], 'positive_keywords': []}"
293,143058942946320384,#MissFrance @MariePayet #LaRéunion,"{'topics': [], 'negative_keywords': [], 'positive_keywords': []}"
294,143058951104241664,#MissFrance Miss Languedoc rocks !!!!,"{'topics': [{'name': 'Miss Languedoc', 'opinion': 'positive'}], 'negative_keywords': [], 'positive_keywords': ['rocks']}"
295,143058956854640640,Miss Pas-de-Calais est pas belle #MissFrance,"{'topics': [{'name': 'Miss Pas-de-Calais', 'opinion': 'negative'}], 'negative_keywords': ['pas belle'], 'positive_keywords': ['belle']}"
296,143058959069216768,"Miss Languedoc est belle :) par contre Miss Nord-Pas-de-Calais, horrible :o #MissFrance","{'topics': [{'name': 'Miss Languedoc', 'opinion': 'positive'}, {'name': 'Miss Nord-Pas-de-Calais', 'opinion': 'negative'}], 'negative_keywords': ['horrible'], 'positive_keywords': ['belle']}"
297,143058960390434816,Miss Guadeloupe : Moche #MissFrance,"{'topics': [{'name': 'Miss Guadeloupe', 'opinion': 'negative'}], 'negative_keywords': ['moche'], 'positive_keywords': []}"
298,143058960457547777,"Devant Miss France, Man ja ka mô ri ! C'est quoi ce casting de merdia? #TF1","{'topics': [{'name': 'casting', 'opinion': 'negative'}, {'name': 'casting', 'opinion': 'negative'}], 'negative_keywords': ['merdia', 'ce'], 'positive_keywords': []}"
299,143058966249865216,Miss Languedoc est vraiment belle. #missfrance,"{'topics': [{'name': 'Miss Languedoc', 'opinion': 'positive'}], 'negative_keywords': [], 'positive_keywords': ['belle']}"
300,143058993798053888,"Non, pas Miss Nord-Pas-de-Calais ni Miss Guadeloupe #MissFrance","{'topics': [], 'negative_keywords': [], 'positive_keywords': []}"
301,143058993949061120,Très belle miss Languedoc :) #MissFrance !! Vive le sud :),"{'topics': [{'name': 'miss Languedoc', 'opinion': 'positive'}, {'name': 'le sud', 'opinion': 'positive'}], 'negative_keywords': [], 'positive_keywords': ['belle', 'vive']}"
302,143059009065328640,Miss Guadeloupe aussi est pas belle. #TF1,"{'topics': [{'name': 'Miss Guadeloupe', 'opinion': 'negative'}], 'negative_keywords': ['pas belle'], 'positive_keywords': ['belle']}"
303,143059017655259136,Miss Gwada ça ne va pas du tout!!!!!! #MissFrance,"{'topics': [{'name': 'Miss Gwada', 'opinion': 'negative'}], 'negative_keywords': ['pas'], 'positive_keywords': []}"
304,143059022071869440,J'aime pas la Miss Nord-Pas-de-Calais ni Guadeloupe.. #MissFrance,"{'topics': [{'name': 'Miss Nord-Pas-de-Calais', 'opinion': 'negative'}, {'name': 'Guadeloupe', 'opinion': 'negative'}], 'negative_keywords': ['pas aime'], 'positive_keywords': ['aime', 'aime']}"
305,143059022407405569,Miss guadeloupe: NOOON NEXT ! #MissFrance,"{'topics': [], 'negative_keywords': [], 'positive_keywords': []}"
306,143059033446821888,Miss Guadeloupe elle a un petit truc comme même je trouve un petit charme bien à elle #missfrance,"{'topics': [{'name': 'Miss Guadeloupe', 'opinion': 'positive'}, {'name': 'Miss Guadeloupe', 'opinion': 'positive'}], 'negative_keywords': [], 'positive_keywords': ['truc', 'charme']}"
307,143059037737586688,"Miss Guadeloupe , ba je la trouve pas jolie #TF1","{'topics': [{'name': 'Miss Guadeloupe', 'opinion': 'negative'}], 'negative_keywords': ['pas jolie'], 'positive_keywords': ['jolie']}"
308,143059037850841088,Et la mieux en robe verte bah...robe verte et TÊTE D'ALIEN DE MARS ATTACKS. #missfrance,"{'topics': [], 'negative_keywords': [], 'positive_keywords': []}"
309,143059043307626496,Pas-de-Calais a l'air d'une cruche et elle brosse son cheval comme Barbie... #MissFrance #TF1,"{'topics': [{'name': 'Pas-de-Calais', 'opinion': 'negative'}], 'negative_keywords': ['cruche'], 'positive_keywords': []}"
310,143059043471196160,Miss Guadeloupeeeeeeeee CAA VAAAAAAA #MissFrance,"{'topics': [{'name': 'Miss Guadeloupeeeeeeeee', 'opinion': 'positive'}], 'negative_keywords': [], 'positive_keywords': ['vaaaaaaa']}"
311,143059044318445568,Miss Languedoc est la plus jolie des trois. #MissFrance,"{'topics': [{'name': 'Miss Languedoc', 'opinion': 'positive'}], 'negative_keywords': [], 'positive_keywords': ['jolie']}"
312,143059046235242496,Miss Guadeloupe est trop belle. :) #MissFrance,"{'topics': [{'name': 'Miss Guadeloupe', 'opinion': 'positive'}], 'negative_keywords': [], 'positive_keywords': ['belle']}"
313,143059050005934080,Miss Guadeloupe est trop superficielle ! #TF1,"{'topics': [{'name': 'Miss Guadeloupe', 'opinion': 'negative'}], 'negative_keywords': ['superficielle'], 'positive_keywords': []}"
314,143059051637518337,Miss France ou Miss Plate ?! #tf1,"{'topics': [{'name': 'Miss France', 'opinion': 'negative'}], 'negative_keywords': ['plate'], 'positive_keywords': []}"
315,143059055554998272,"♪Ta meilleure amie ! Je serais là, toujours pour toi ♪ xD J'ai repensé à ça en voyant Lorie, j'adorais trop quand j'étais petite #missfrance","{'topics': [{'name': 'Lorie', 'opinion': 'positive'}], 'negative_keywords': [], 'positive_keywords': ['adorais']}"
316,143059056330944512,"#MissFrance : ah, Languedoc fut la 1ère à se présenter...","{'topics': [], 'negative_keywords': [], 'positive_keywords': []}"
317,143059064346263552,Elle est pas moche mais avait mieux pou représenter le nord pas de calais #MissFrance,"{'topics': [], 'negative_keywords': [], 'positive_keywords': []}"
318,143059066510516225,ca va elle est belle miss languedoc #TF1,"{'topics': [{'name': 'miss languedoc', 'opinion': 'positive'}], 'negative_keywords': [], 'positive_keywords': ['belle']}"
319,143059078606897152,Miss Guadeloupe elle gère. #MissFrance,"{'topics': [{'name': 'Miss Guadeloupe', 'opinion': 'negative'}], 'negative_keywords': [], 'positive_keywords': ['gère']}"
320,143059098122989568,Ok je vote pour Miss Languedoc ! #missfrance,"{'topics': [], 'negative_keywords': [], 'positive_keywords': []}"
321,143059118180139008,Celle du Languedoc est plutôt jolie. mais j'aime pas vraiment celle du Nord-Pas-De-Calais.. #missfrance,"{'topics': [{'name': 'Languedoc', 'opinion': 'positive'}, {'name': 'Nord-Pas-De-Calais', 'opinion': 'negative'}], 'negative_keywords': ['pas aime'], 'positive_keywords': ['jolie', 'aime']}"
322,143059118427611136,"""au moins, Miss Guadeloupe fait un truc utile"" #missfrance","{'topics': [{'name': 'Miss Guadeloupe', 'opinion': 'positive'}], 'negative_keywords': [], 'positive_keywords': ['utile']}"
323,143059128758185984,#MissFrance Miss Guadeloupe ça passe,"{'topics': [{'name': 'Miss Guadeloupe', 'opinion': 'positive'}], 'negative_keywords': [], 'positive_keywords': ['passe']}"
324,143059135162888192,"Miss Guadeloupe est mignone, mais y'a mieux #MissFrance","{'topics': [{'name': 'Miss Guadeloupe', 'opinion': 'positive'}, {'name': 'Miss Guadeloupe', 'opinion': 'negative'}], 'negative_keywords': ['mieux'], 'positive_keywords': ['mignone']}"
325,143059139927621633,#MissFrance +1 pour Miss Languedoc,"{'topics': [], 'negative_keywords': [], 'positive_keywords': []}"
326,143059145925472256,"Miss Guadeloupe, une pensée pour Audrey ! #MissFrance","{'topics': [], 'negative_keywords': [], 'positive_keywords': []}"
327,143059146844028928,#MissFrance Tsaaaaa Miss Languedoc,"{'topics': [], 'negative_keywords': [], 'positive_keywords': []}"
328,143059151986245632,"Delon légèrement sénile.. Incapable de se souvenir des noms des membres du jury.. ""Sophie Essaidi ?!"" ""Le p'tit Brogniart !"" #MissFrance","{'topics': [{'name': 'Delon', 'opinion': 'negative'}], 'negative_keywords': ['sénile'], 'positive_keywords': []}"
329,143059156822261760,"Vue la jurisprudence, un mec  qui inscrit sa copine à Miss France veut rompre #cqfd #MissFrance","{'topics': [], 'negative_keywords': [], 'positive_keywords': []}"
330,143059163726086145,Miss Guadeloupe = beyonçou #missfrance,"{'topics': [], 'negative_keywords': [], 'positive_keywords': []}"
331,143059164837584897,Miss Poitou Charente est jolie ! #TF1,"{'topics': [{'name': 'Miss Poitou Charente', 'opinion': 'positive'}], 'negative_keywords': [], 'positive_keywords': ['jolie']}"
332,143059173368791040,"J'aime pas du tout les émissions comme Miss France mais comme tout les gens dans mon cas, je regarde quand même #TF1","{'topics': [{'name': 'émissions comme Miss France', 'opinion': 'negative'}], 'negative_keywords': ['pas aime'], 'positive_keywords': ['aime']}"
333,143059182998925312,Pourquoi Lorie est toute nue sur le plateau de TF1 ? ça te casse un mythe ! J’espère que ses fans de 12 sont au lit...  #MissFrance,"{'topics': [], 'negative_keywords': [], 'positive_keywords': []}"
334,143059206558322688,Alors elle Miss Poitou-Charentes non ! #missfrance,"{'topics': [], 'negative_keywords': [], 'positive_keywords': []}"
335,143059206948401152,Miss Poitou-Charente est.. moche. #missfrance,"{'topics': [{'name': 'Miss Poitou-Charente', 'opinion': 'negative'}], 'negative_keywords': ['moche'], 'positive_keywords': []}"
336,143059215412494336,Pour le moment mon coup de coeur c'est Miss Languedoc elle est sublime ! #MissFrance,"{'topics': [{'name': 'Miss Languedoc', 'opinion': 'positive'}, {'name': 'Miss Languedoc', 'opinion': 'positive'}], 'negative_keywords': [], 'positive_keywords': ['sublime', 'coeur']}"
337,143059217174106112,Miss Gwada tu ne passeras pas dsl  #MissFrance,"{'topics': [], 'negative_keywords': [], 'positive_keywords': []}"
338,143059236673429504,"Quelqu'un peut me dire quel est le hashtag ""officiel"" pour l'élection des Miss France? #missfrance","{'topics': [], 'negative_keywords': [], 'positive_keywords': []}"
339,143059239328432128,Je regarderai #MissFrance quand Christian Jean-Pierre aura remplacé Foucault ! #TF1,"{'topics': [], 'negative_keywords': [], 'positive_keywords': []}"
340,143059251710001152,Miss Poitou Charente elle est belle #MissFrance,"{'topics': [{'name': 'Miss Poitou Charente', 'opinion': 'positive'}], 'negative_keywords': [], 'positive_keywords': ['belle']}"
341,143059257212940289,Beaucoup sont plus belles sans le sourire en fait. #MissFrance,"{'topics': [], 'negative_keywords': [], 'positive_keywords': []}"
342,143059261893787648,Miss Poitou Charentes: Hm ... Non j'aime pas. #MissFrance,"{'topics': [{'name': 'Miss Poitou Charentes', 'opinion': 'negative'}], 'negative_keywords': ['pas aime'], 'positive_keywords': ['aime']}"
343,143059271364513792,#MissFrance !! Miss Languedoc est super !!,"{'topics': [{'name': 'Miss Languedoc', 'opinion': 'positive'}], 'negative_keywords': [], 'positive_keywords': ['super']}"
344,143059280558428160,"Miss Poitou Charentes, boudeuse. #MissFrance #TF1","{'topics': [{'name': 'Miss Poitou Charentes', 'opinion': 'negative'}], 'negative_keywords': ['boudeuse'], 'positive_keywords': []}"
345,143059290842865664,"Miss Poitou-Charentes. ""Un caractère bien trempé... et boudeuse. #MissFrance, un défi à relever""","{'topics': [{'name': 'Miss Poitou-Charentes', 'opinion': 'negative'}], 'negative_keywords': ['boudeuse'], 'positive_keywords': []}"
